UF Health Shands Gainesville - Pricing Transparency MSDRG Information,
Issued 7/1/2019,
,
MSDRG,Average (Mean) Charges Per Discharge
001 HEART TRANSPLANT OR IMPLANT OF HEART ASSIST SYSTEM W MCC,"$1,510,481"
002 HEART TRANSPLANT OR IMPLANT OF HEART ASSIST SYSTEM W/O MCC,"$634,889"
"003 ECMO OR TRACH W MV >96 HRS OR PDX EXC FACE, MOUTH & NECK W MAJ O.R.","$650,348"
"004 TRACH W MV >96 HRS OR PDX EXC FACE, MOUTH & NECK W/O MAJ O.R.","$408,123"
005 LIVER TRANSPLANT W MCC OR INTESTINAL TRANSPLANT,"$616,950"
006 LIVER TRANSPLANT W/O MCC,"$312,777"
007 LUNG TRANSPLANT,"$651,430"
008 SIMULTANEOUS PANCREAS/KIDNEY TRANSPLANT,"$341,416"
"011 TRACHEOSTOMY FOR FACE, MOUTH & NECK DIAGNOSES OR LARYNGECTOMY W MCC","$248,146"
"012 TRACHEOSTOMY FOR FACE, MOUTH & NECK DIAGNOSES OR LARYNGECTOMY W CC","$206,569"
"013 TRACHEOSTOMY FOR FACE, MOUTH & NECK DIAGNOSES OR LARYNGECTOMY W/O CC/MCC","$86,990"
014 ALLOGENEIC BONE MARROW TRANSPLANT,"$507,179"
016 AUTOLOGOUS BONE MARROW TRANSPLANT  W CC/MCC OR T-CELL IMMUNOTHERAPY,"$234,962"
017 AUTOLOGOUS BONE MARROW TRANSPLANT W/O CC/MCC,"$127,090"
020 INTRACRANIAL VASCULAR PROCEDURES W PDX HEMORRHAGE W MCC,"$282,358"
021 INTRACRANIAL VASCULAR PROCEDURES W PDX HEMORRHAGE W CC,"$177,051"
022 INTRACRANIAL VASCULAR PROCEDURES W PDX HEMORRHAGE W/O CC/MCC,"$126,730"
023 CRANIOTOMY W MAJOR DEVICE IMPLANT OR ACUTE COMPLEX CNS PDX W MCC OR CHEMOTHERAPY IMPLANT OR EPILEPSY,"$138,315"
024 CRANIO W MAJOR DEV IMPL/ACUTE COMPLEX CNS PDX W/O MCC,"$122,652"
025 CRANIOTOMY & ENDOVASCULAR INTRACRANIAL PROCEDURES W MCC,"$139,870"
026 CRANIOTOMY & ENDOVASCULAR INTRACRANIAL PROCEDURES W CC,"$89,849"
027 CRANIOTOMY & ENDOVASCULAR INTRACRANIAL PROCEDURES W/O CC/MCC,"$60,946"
028 SPINAL PROCEDURES W MCC,"$165,301"
029 SPINAL PROCEDURES W CC OR SPINAL NEUROSTIMULATORS,"$100,490"
030 SPINAL PROCEDURES W/O CC/MCC,"$76,275"
031 VENTRICULAR SHUNT PROCEDURES W MCC,"$80,998"
032 VENTRICULAR SHUNT PROCEDURES W CC,"$52,062"
033 VENTRICULAR SHUNT PROCEDURES W/O CC/MCC,"$40,427"
034 CAROTID ARTERY STENT PROCEDURE W MCC,"$125,475"
035 CAROTID ARTERY STENT PROCEDURE W CC,"$65,943"
036 CAROTID ARTERY STENT PROCEDURE W/O CC/MCC,"$51,509"
037 EXTRACRANIAL PROCEDURES W MCC,"$122,627"
038 EXTRACRANIAL PROCEDURES W CC,"$76,174"
039 EXTRACRANIAL PROCEDURES W/O CC/MCC,"$49,355"
040 PERIPH/CRANIAL NERVE & OTHER NERV SYST PROC W MCC,"$131,584"
041 PERIPH/CRANIAL NERVE & OTHER NERV SYST PROC W CC OR PERIPH NEUROSTIM,"$84,823"
042 PERIPH/CRANIAL NERVE & OTHER NERV SYST PROC W/O CC/MCC,"$62,660"
052 SPINAL DISORDERS & INJURIES W CC/MCC,"$56,596"
053 SPINAL DISORDERS & INJURIES W/O CC/MCC,"$26,826"
054 NERVOUS SYSTEM NEOPLASMS W MCC,"$29,861"
055 NERVOUS SYSTEM NEOPLASMS W/O MCC,"$21,057"
056 DEGENERATIVE NERVOUS SYSTEM DISORDERS W MCC,"$61,843"
057 DEGENERATIVE NERVOUS SYSTEM DISORDERS W/O MCC,"$35,175"
058 MULTIPLE SCLEROSIS & CEREBELLAR ATAXIA W MCC,"$89,167"
059 MULTIPLE SCLEROSIS & CEREBELLAR ATAXIA W CC,"$44,212"
060 MULTIPLE SCLEROSIS & CEREBELLAR ATAXIA W/O CC/MCC,"$35,514"
"061 ISCHEMIC STROKE, PRECEREBRAL OCCLUSION OR TRANSIENT ISCHEMIA W THROMBOLYTIC AGENT W MCC","$81,184"
"062 ISCHEMIC STROKE, PRECEREBRAL OCCLUSION OR TRANSIENT ISCHEMIA W THROMBOLYTIC AGENT W CC","$59,802"
"063 ISCHEMIC STROKE, PRECEREBRAL OCCLUSION OR TRANSIENT ISCHEMIA W THROMBOLYTIC AGENT W/O CC/MCC","$54,814"
064 INTRACRANIAL HEMORRHAGE OR CEREBRAL INFARCTION W MCC,"$54,727"
065 INTRACRANIAL HEMORRHAGE OR CEREBRAL INFARCTION W CC OR TPA IN 24 HRS,"$31,609"
066 INTRACRANIAL HEMORRHAGE OR CEREBRAL INFARCTION W/O CC/MCC,"$28,131"
067 NONSPECIFIC CVA & PRECEREBRAL OCCLUSION W/O INFARCT W MCC,"$69,660"
068 NONSPECIFIC CVA & PRECEREBRAL OCCLUSION W/O INFARCT W/O MCC,"$26,669"
069 TRANSIENT ISCHEMIA W/O THROMBOLYTIC,"$19,188"
070 NONSPECIFIC CEREBROVASCULAR DISORDERS W MCC,"$47,518"
071 NONSPECIFIC CEREBROVASCULAR DISORDERS W CC,"$33,930"
072 NONSPECIFIC CEREBROVASCULAR DISORDERS W/O CC/MCC,"$24,113"
073 CRANIAL & PERIPHERAL NERVE DISORDERS W MCC,"$68,436"
074 CRANIAL & PERIPHERAL NERVE DISORDERS W/O MCC,"$39,749"
075 VIRAL MENINGITIS W CC/MCC,"$27,357"
076 VIRAL MENINGITIS W/O CC/MCC,"$12,869"
077 HYPERTENSIVE ENCEPHALOPATHY W MCC,"$44,856"
078 HYPERTENSIVE ENCEPHALOPATHY W CC,"$31,329"
080 NONTRAUMATIC STUPOR & COMA W MCC,"$38,168"
081 NONTRAUMATIC STUPOR & COMA W/O MCC,"$50,025"
"082 TRAUMATIC STUPOR & COMA, COMA >1 HR W MCC","$44,285"
"083 TRAUMATIC STUPOR & COMA, COMA >1 HR W CC","$31,862"
"084 TRAUMATIC STUPOR & COMA, COMA >1 HR W/O CC/MCC","$13,789"
"085 TRAUMATIC STUPOR & COMA, COMA <1 HR W MCC","$47,637"
"086 TRAUMATIC STUPOR & COMA, COMA <1 HR W CC","$28,968"
"087 TRAUMATIC STUPOR & COMA, COMA <1 HR W/O CC/MCC","$11,070"
088 CONCUSSION W MCC,"$26,058"
089 CONCUSSION W CC,"$16,316"
090 CONCUSSION W/O CC/MCC,"$10,966"
091 OTHER DISORDERS OF NERVOUS SYSTEM W MCC,"$46,317"
092 OTHER DISORDERS OF NERVOUS SYSTEM W CC,"$24,900"
093 OTHER DISORDERS OF NERVOUS SYSTEM W/O CC/MCC,"$23,328"
094 BACTERIAL & TUBERCULOUS INFECTIONS OF NERVOUS SYSTEM W MCC,"$64,493"
095 BACTERIAL & TUBERCULOUS INFECTIONS OF NERVOUS SYSTEM W CC,"$73,914"
096 BACTERIAL & TUBERCULOUS INFECTIONS OF NERVOUS SYSTEM W/O CC/MCC,"$83,190"
097 NON-BACTERIAL INFECT OF NERVOUS SYS EXC VIRAL MENINGITIS W MCC,"$149,819"
098 NON-BACTERIAL INFECT OF NERVOUS SYS EXC VIRAL MENINGITIS W CC,"$75,040"
099 NON-BACTERIAL INFECT OF NERVOUS SYS EXC VIRAL MENINGITIS W/O CC/MCC,"$42,010"
100 SEIZURES W MCC,"$40,464"
101 SEIZURES W/O MCC,"$19,817"
102 HEADACHES W MCC,"$172,629"
103 HEADACHES W/O MCC,"$17,483"
113 ORBITAL PROCEDURES W CC/MCC,"$88,517"
114 ORBITAL PROCEDURES W/O CC/MCC,"$48,513"
115 EXTRAOCULAR PROCEDURES EXCEPT ORBIT,"$55,559"
116 INTRAOCULAR PROCEDURES W CC/MCC,"$62,875"
117 INTRAOCULAR PROCEDURES W/O CC/MCC,"$52,710"
121 ACUTE MAJOR EYE INFECTIONS W CC/MCC,"$20,065"
122 ACUTE MAJOR EYE INFECTIONS W/O CC/MCC,"$11,684"
123 NEUROLOGICAL EYE DISORDERS,"$34,799"
124 OTHER DISORDERS OF THE EYE W MCC,"$28,771"
125 OTHER DISORDERS OF THE EYE W/O MCC,"$19,254"
129 MAJOR HEAD & NECK PROCEDURES W CC/MCC OR MAJOR DEVICE,"$131,365"
130 MAJOR HEAD & NECK PROCEDURES W/O CC/MCC,"$91,815"
131 CRANIAL/FACIAL PROCEDURES W CC/MCC,"$90,033"
132 CRANIAL/FACIAL PROCEDURES W/O CC/MCC,"$80,738"
"133 OTHER EAR, NOSE, MOUTH & THROAT O.R. PROCEDURES W CC/MCC","$63,706"
"134 OTHER EAR, NOSE, MOUTH & THROAT O.R. PROCEDURES W/O CC/MCC","$34,005"
135 SINUS & MASTOID PROCEDURES W CC/MCC,"$71,564"
136 SINUS & MASTOID PROCEDURES W/O CC/MCC,"$54,584"
137 MOUTH PROCEDURES W CC/MCC,"$39,075"
138 MOUTH PROCEDURES W/O CC/MCC,"$22,542"
139 SALIVARY GLAND PROCEDURES,"$39,213"
"146 EAR, NOSE, MOUTH & THROAT MALIGNANCY W MCC","$50,033"
"147 EAR, NOSE, MOUTH & THROAT MALIGNANCY W CC","$45,071"
"148 EAR, NOSE, MOUTH & THROAT MALIGNANCY W/O CC/MCC","$14,410"
149 DYSEQUILIBRIUM,"$18,006"
150 EPISTAXIS W MCC,"$7,457"
151 EPISTAXIS W/O MCC,"$18,215"
152 OTITIS MEDIA & URI W MCC,"$26,144"
153 OTITIS MEDIA & URI W/O MCC,"$13,902"
"154 OTHER EAR, NOSE, MOUTH & THROAT DIAGNOSES W MCC","$36,551"
"155 OTHER EAR, NOSE, MOUTH & THROAT DIAGNOSES W CC","$23,407"
"156 OTHER EAR, NOSE, MOUTH & THROAT DIAGNOSES W/O CC/MCC","$11,532"
157 DENTAL & ORAL DISEASES W MCC,"$42,330"
158 DENTAL & ORAL DISEASES W CC,"$20,890"
159 DENTAL & ORAL DISEASES W/O CC/MCC,"$15,528"
163 MAJOR CHEST PROCEDURES W MCC,"$168,134"
164 MAJOR CHEST PROCEDURES W CC,"$110,455"
165 MAJOR CHEST PROCEDURES W/O CC/MCC,"$81,191"
166 OTHER RESP SYSTEM O.R. PROCEDURES W MCC,"$141,885"
167 OTHER RESP SYSTEM O.R. PROCEDURES W CC,"$77,165"
168 OTHER RESP SYSTEM O.R. PROCEDURES W/O CC/MCC,"$53,059"
175 PULMONARY EMBOLISM W MCC,"$40,619"
176 PULMONARY EMBOLISM W/O MCC,"$23,403"
177 RESPIRATORY INFECTIONS & INFLAMMATIONS W MCC,"$76,362"
178 RESPIRATORY INFECTIONS & INFLAMMATIONS W CC,"$68,132"
179 RESPIRATORY INFECTIONS & INFLAMMATIONS W/O CC/MCC,"$67,080"
180 RESPIRATORY NEOPLASMS W MCC,"$51,627"
181 RESPIRATORY NEOPLASMS W CC,"$36,195"
182 RESPIRATORY NEOPLASMS W/O CC/MCC,"$50,370"
183 MAJOR CHEST TRAUMA W MCC,"$79,423"
184 MAJOR CHEST TRAUMA W CC,"$27,286"
185 MAJOR CHEST TRAUMA W/O CC/MCC,"$16,949"
186 PLEURAL EFFUSION W MCC,"$55,070"
187 PLEURAL EFFUSION W CC,"$30,032"
188 PLEURAL EFFUSION W/O CC/MCC,"$29,522"
189 PULMONARY EDEMA & RESPIRATORY FAILURE,"$38,241"
190 CHRONIC OBSTRUCTIVE PULMONARY DISEASE W MCC,"$35,416"
191 CHRONIC OBSTRUCTIVE PULMONARY DISEASE W CC,"$28,192"
192 CHRONIC OBSTRUCTIVE PULMONARY DISEASE W/O CC/MCC,"$24,025"
193 SIMPLE PNEUMONIA & PLEURISY W MCC,"$45,894"
194 SIMPLE PNEUMONIA & PLEURISY W CC,"$26,017"
195 SIMPLE PNEUMONIA & PLEURISY W/O CC/MCC,"$14,422"
196 INTERSTITIAL LUNG DISEASE W MCC,"$58,433"
197 INTERSTITIAL LUNG DISEASE W CC,"$44,979"
198 INTERSTITIAL LUNG DISEASE W/O CC/MCC,"$27,873"
199 PNEUMOTHORAX W MCC,"$36,466"
200 PNEUMOTHORAX W CC,"$26,777"
201 PNEUMOTHORAX W/O CC/MCC,"$12,610"
202 BRONCHITIS & ASTHMA W CC/MCC,"$25,773"
203 BRONCHITIS & ASTHMA W/O CC/MCC,"$12,727"
204 RESPIRATORY SIGNS & SYMPTOMS,"$20,693"
205 OTHER RESPIRATORY SYSTEM DIAGNOSES W MCC,"$68,689"
206 OTHER RESPIRATORY SYSTEM DIAGNOSES W/O MCC,"$48,879"
207 RESPIRATORY SYSTEM DIAGNOSIS W VENTILATOR SUPPORT >96 HOURS OR PERIPHERAL EXTRACORPOREAL MEMBRANE OX,"$265,761"
208 RESPIRATORY SYSTEM DIAGNOSIS W VENTILATOR SUPPORT <=96 HOURS,"$67,315"
215 OTHER HEART ASSIST SYSTEM IMPLANT,"$409,081"
216 CARDIAC VALVE & OTH MAJ CARDIOTHORACIC PROC W CARD CATH W MCC,"$433,902"
217 CARDIAC VALVE & OTH MAJ CARDIOTHORACIC PROC W CARD CATH W CC,"$221,308"
219 CARDIAC VALVE & OTH MAJ CARDIOTHORACIC PROC W/O CARD CATH W MCC,"$302,184"
220 CARDIAC VALVE & OTH MAJ CARDIOTHORACIC PROC W/O CARD CATH W CC,"$203,851"
221 CARDIAC VALVE & OTH MAJ CARDIOTHORACIC PROC W/O CARD CATH W/O CC/MCC,"$138,220"
222 CARDIAC DEFIB IMPLANT W CARDIAC CATH W AMI/HF/SHOCK W MCC,"$330,520"
223 CARDIAC DEFIB IMPLANT W CARDIAC CATH W AMI/HF/SHOCK W/O MCC,"$190,064"
224 CARDIAC DEFIB IMPLANT W CARDIAC CATH W/O AMI/HF/SHOCK W MCC,"$402,753"
225 CARDIAC DEFIB IMPLANT W CARDIAC CATH W/O AMI/HF/SHOCK W/O MCC,"$233,348"
226 CARDIAC DEFIBRILLATOR IMPLANT W/O CARDIAC CATH W MCC,"$273,921"
227 CARDIAC DEFIBRILLATOR IMPLANT W/O CARDIAC CATH W/O MCC,"$208,100"
228 OTHER CARDIOTHORACIC PROCEDURES W MCC,"$302,446"
229 OTHER CARDIOTHORACIC PROCEDURES W/O MCC,"$150,147"
231 CORONARY BYPASS W PTCA W MCC,"$270,979"
233 CORONARY BYPASS W CARDIAC CATH W MCC,"$265,870"
234 CORONARY BYPASS W CARDIAC CATH W/O MCC,"$231,959"
235 CORONARY BYPASS W/O CARDIAC CATH W MCC,"$220,710"
236 CORONARY BYPASS W/O CARDIAC CATH W/O MCC,"$164,540"
239 AMPUTATION FOR CIRC SYS DISORDERS EXC UPPER LIMB & TOE W MCC,"$195,446"
240 AMPUTATION FOR CIRC SYS DISORDERS EXC UPPER LIMB & TOE W CC,"$113,384"
241 AMPUTATION FOR CIRC SYS DISORDERS EXC UPPER LIMB & TOE W/O CC/MCC,"$65,250"
242 PERMANENT CARDIAC PACEMAKER IMPLANT W MCC,"$119,490"
243 PERMANENT CARDIAC PACEMAKER IMPLANT W CC,"$87,577"
244 PERMANENT CARDIAC PACEMAKER IMPLANT W/O CC/MCC,"$77,220"
245 AICD GENERATOR PROCEDURES,"$237,464"
246 PERCUTANEOUS CARDIOVASCULAR PROCEDURES W DRUG-ELUTING STENT W MCC OR 4+ ARTERIES OR STENTS,"$130,620"
247 PERC CARDIOVASC PROC W DRUG-ELUTING STENT W/O MCC,"$88,468"
248 PERCUTANEOUS CARDIOVASCULAR PROCEDURES W NON-DRUG-ELUTING STENT W MCC OR 4+ ARTERIES OR STENTS,"$111,882"
249 PERC CARDIOVASC PROC W NON-DRUG-ELUTING STENT W/O MCC,"$87,064"
250 PERC CARDIOVASC PROC W/O CORONARY ARTERY STENT W MCC,"$76,590"
251 PERC CARDIOVASC PROC W/O CORONARY ARTERY STENT W/O MCC,"$73,615"
252 OTHER VASCULAR PROCEDURES W MCC,"$128,126"
253 OTHER VASCULAR PROCEDURES W CC,"$112,515"
254 OTHER VASCULAR PROCEDURES W/O CC/MCC,"$67,787"
255 UPPER LIMB & TOE AMPUTATION FOR CIRC SYSTEM DISORDERS W MCC,"$74,261"
256 UPPER LIMB & TOE AMPUTATION FOR CIRC SYSTEM DISORDERS W CC,"$48,626"
258 CARDIAC PACEMAKER DEVICE REPLACEMENT W MCC,"$100,978"
259 CARDIAC PACEMAKER DEVICE REPLACEMENT W/O MCC,"$49,904"
260 CARDIAC PACEMAKER REVISION EXCEPT DEVICE REPLACEMENT W MCC,"$196,320"
261 CARDIAC PACEMAKER REVISION EXCEPT DEVICE REPLACEMENT W CC,"$58,647"
262 CARDIAC PACEMAKER REVISION EXCEPT DEVICE REPLACEMENT W/O CC/MCC,"$55,869"
263 VEIN LIGATION & STRIPPING,"$87,969"
264 OTHER CIRCULATORY SYSTEM O.R. PROCEDURES,"$176,892"
265 AICD LEAD PROCEDURES,"$155,221"
266 ENDOVASCULAR CARDIAC VALVE REPLACEMENT W MCC,"$198,304"
267 ENDOVASCULAR CARDIAC VALVE REPLACEMENT W/O MCC,"$159,598"
268 AORTIC AND HEART ASSIST PROCEDURES EXCEPT PULSATION BALLOON W MCC,"$276,694"
269 AORTIC AND HEART ASSIST PROCEDURES EXCEPT PULSATION BALLOON W/O MCC,"$139,426"
270 OTHER MAJOR CARDIOVASCULAR PROCEDURES W MCC,"$225,967"
271 OTHER MAJOR CARDIOVASCULAR PROCEDURES W CC,"$137,834"
272 OTHER MAJOR CARDIOVASCULAR PROCEDURES W/O CC/MCC,"$87,616"
273 PERCUTANEOUS INTRACARDIAC PROCEDURES W MCC,"$236,617"
274 PERCUTANEOUS INTRACARDIAC PROCEDURES W/O MCC,"$114,012"
"280 ACUTE MYOCARDIAL INFARCTION, DISCHARGED ALIVE W MCC","$51,574"
"281 ACUTE MYOCARDIAL INFARCTION, DISCHARGED ALIVE W CC","$30,794"
"282 ACUTE MYOCARDIAL INFARCTION, DISCHARGED ALIVE W/O CC/MCC","$26,246"
"283 ACUTE MYOCARDIAL INFARCTION, EXPIRED W MCC","$67,419"
"284 ACUTE MYOCARDIAL INFARCTION, EXPIRED W CC","$10,239"
"286 CIRCULATORY DISORDERS EXCEPT AMI, W CARD CATH W MCC","$93,787"
"287 CIRCULATORY DISORDERS EXCEPT AMI, W CARD CATH W/O MCC","$44,284"
288 ACUTE & SUBACUTE ENDOCARDITIS W MCC,"$76,597"
289 ACUTE & SUBACUTE ENDOCARDITIS W CC,"$34,456"
291 HEART FAILURE & SHOCK W MCC OR PERIPHERAL EXTRACORPOREAL MEMBRANE OXYGENATION (ECMO),"$45,825"
292 HEART FAILURE & SHOCK W CC,"$31,469"
293 HEART FAILURE & SHOCK W/O CC/MCC,"$20,756"
294 DEEP VEIN THROMBOPHLEBITIS W CC/MCC,"$27,297"
"296 CARDIAC ARREST, UNEXPLAINED W MCC OR PERIPHERAL EXTRACORPOREAL MEMBRANE OXYGENATION (ECMO)","$34,164"
299 PERIPHERAL VASCULAR DISORDERS W MCC,"$37,040"
300 PERIPHERAL VASCULAR DISORDERS W CC,"$28,619"
301 PERIPHERAL VASCULAR DISORDERS W/O CC/MCC,"$21,839"
302 ATHEROSCLEROSIS W MCC,"$23,138"
303 ATHEROSCLEROSIS W/O MCC,"$21,029"
304 HYPERTENSION W MCC,"$33,692"
305 HYPERTENSION W/O MCC,"$19,260"
306 CARDIAC CONGENITAL & VALVULAR DISORDERS W MCC,"$94,080"
307 CARDIAC CONGENITAL & VALVULAR DISORDERS W/O MCC,"$21,845"
308 CARDIAC ARRHYTHMIA & CONDUCTION DISORDERS W MCC,"$35,910"
309 CARDIAC ARRHYTHMIA & CONDUCTION DISORDERS W CC,"$22,453"
310 CARDIAC ARRHYTHMIA & CONDUCTION DISORDERS W/O CC/MCC,"$15,892"
311 ANGINA PECTORIS,"$17,899"
312 SYNCOPE & COLLAPSE,"$21,139"
313 CHEST PAIN,"$19,846"
314 OTHER CIRCULATORY SYSTEM DIAGNOSES W MCC,"$77,161"
315 OTHER CIRCULATORY SYSTEM DIAGNOSES W CC,"$39,734"
316 OTHER CIRCULATORY SYSTEM DIAGNOSES W/O CC/MCC,"$23,639"
"326 STOMACH, ESOPHAGEAL & DUODENAL PROC W MCC","$197,279"
"327 STOMACH, ESOPHAGEAL & DUODENAL PROC W CC","$89,047"
"328 STOMACH, ESOPHAGEAL & DUODENAL PROC W/O CC/MCC","$47,970"
329 MAJOR SMALL & LARGE BOWEL PROCEDURES W MCC,"$184,594"
330 MAJOR SMALL & LARGE BOWEL PROCEDURES W CC,"$88,459"
331 MAJOR SMALL & LARGE BOWEL PROCEDURES W/O CC/MCC,"$59,025"
332 RECTAL RESECTION W MCC,"$376,369"
333 RECTAL RESECTION W CC,"$68,258"
334 RECTAL RESECTION W/O CC/MCC,"$38,188"
335 PERITONEAL ADHESIOLYSIS W MCC,"$224,096"
336 PERITONEAL ADHESIOLYSIS W CC,"$96,463"
337 PERITONEAL ADHESIOLYSIS W/O CC/MCC,"$56,358"
338 APPENDECTOMY W COMPLICATED PRINCIPAL DIAG W MCC,"$102,885"
339 APPENDECTOMY W COMPLICATED PRINCIPAL DIAG W CC,"$50,084"
340 APPENDECTOMY W COMPLICATED PRINCIPAL DIAG W/O CC/MCC,"$40,602"
341 APPENDECTOMY W/O COMPLICATED PRINCIPAL DIAG W MCC,"$96,702"
342 APPENDECTOMY W/O COMPLICATED PRINCIPAL DIAG W CC,"$50,013"
343 APPENDECTOMY W/O COMPLICATED PRINCIPAL DIAG W/O CC/MCC,"$34,746"
344 MINOR SMALL & LARGE BOWEL PROCEDURES W MCC,"$125,855"
345 MINOR SMALL & LARGE BOWEL PROCEDURES W CC,"$33,478"
346 MINOR SMALL & LARGE BOWEL PROCEDURES W/O CC/MCC,"$31,290"
347 ANAL & STOMAL PROCEDURES W MCC,"$50,550"
348 ANAL & STOMAL PROCEDURES W CC,"$57,171"
349 ANAL & STOMAL PROCEDURES W/O CC/MCC,"$24,765"
350 INGUINAL & FEMORAL HERNIA PROCEDURES W MCC,"$73,948"
351 INGUINAL & FEMORAL HERNIA PROCEDURES W CC,"$61,770"
352 INGUINAL & FEMORAL HERNIA PROCEDURES W/O CC/MCC,"$39,090"
353 HERNIA PROCEDURES EXCEPT INGUINAL & FEMORAL W MCC,"$79,704"
354 HERNIA PROCEDURES EXCEPT INGUINAL & FEMORAL W CC,"$69,591"
355 HERNIA PROCEDURES EXCEPT INGUINAL & FEMORAL W/O CC/MCC,"$46,649"
356 OTHER DIGESTIVE SYSTEM O.R. PROCEDURES W MCC,"$180,252"
357 OTHER DIGESTIVE SYSTEM O.R. PROCEDURES W CC,"$84,936"
358 OTHER DIGESTIVE SYSTEM O.R. PROCEDURES W/O CC/MCC,"$41,917"
368 MAJOR ESOPHAGEAL DISORDERS W MCC,"$53,108"
369 MAJOR ESOPHAGEAL DISORDERS W CC,"$37,041"
370 MAJOR ESOPHAGEAL DISORDERS W/O CC/MCC,"$18,668"
371 MAJOR GASTROINTESTINAL DISORDERS & PERITONEAL INFECTIONS W MCC,"$47,510"
372 MAJOR GASTROINTESTINAL DISORDERS & PERITONEAL INFECTIONS W CC,"$31,414"
373 MAJOR GASTROINTESTINAL DISORDERS & PERITONEAL INFECTIONS W/O CC/MCC,"$19,909"
374 DIGESTIVE MALIGNANCY W MCC,"$62,485"
375 DIGESTIVE MALIGNANCY W CC,"$43,424"
376 DIGESTIVE MALIGNANCY W/O CC/MCC,"$38,192"
377 G.I. HEMORRHAGE W MCC,"$59,423"
378 G.I. HEMORRHAGE W CC,"$34,366"
379 G.I. HEMORRHAGE W/O CC/MCC,"$20,194"
380 COMPLICATED PEPTIC ULCER W MCC,"$70,067"
381 COMPLICATED PEPTIC ULCER W CC,"$34,575"
382 COMPLICATED PEPTIC ULCER W/O CC/MCC,"$21,416"
383 UNCOMPLICATED PEPTIC ULCER W MCC,"$65,339"
384 UNCOMPLICATED PEPTIC ULCER W/O MCC,"$29,310"
385 INFLAMMATORY BOWEL DISEASE W MCC,"$43,702"
386 INFLAMMATORY BOWEL DISEASE W CC,"$34,092"
387 INFLAMMATORY BOWEL DISEASE W/O CC/MCC,"$28,732"
388 G.I. OBSTRUCTION W MCC,"$30,443"
389 G.I. OBSTRUCTION W CC,"$25,221"
390 G.I. OBSTRUCTION W/O CC/MCC,"$14,024"
"391 ESOPHAGITIS, GASTROENT & MISC DIGEST DISORDERS W MCC","$40,493"
"392 ESOPHAGITIS, GASTROENT & MISC DIGEST DISORDERS W/O MCC","$19,879"
393 OTHER DIGESTIVE SYSTEM DIAGNOSES W MCC,"$53,610"
394 OTHER DIGESTIVE SYSTEM DIAGNOSES W CC,"$26,666"
395 OTHER DIGESTIVE SYSTEM DIAGNOSES W/O CC/MCC,"$19,875"
"405 PANCREAS, LIVER & SHUNT PROCEDURES W MCC","$197,370"
"406 PANCREAS, LIVER & SHUNT PROCEDURES W CC","$104,282"
"407 PANCREAS, LIVER & SHUNT PROCEDURES W/O CC/MCC","$67,943"
408 BILIARY TRACT PROC EXCEPT ONLY CHOLECYST W OR W/O C.D.E. W MCC,"$186,095"
409 BILIARY TRACT PROC EXCEPT ONLY CHOLECYST W OR W/O C.D.E. W CC,"$108,897"
410 BILIARY TRACT PROC EXCEPT ONLY CHOLECYST W OR W/O C.D.E. W/O CC/MCC,"$88,083"
411 CHOLECYSTECTOMY W C.D.E. W MCC,"$99,033"
412 CHOLECYSTECTOMY W C.D.E. W CC,"$118,449"
413 CHOLECYSTECTOMY W C.D.E. W/O CC/MCC,"$119,109"
414 CHOLECYSTECTOMY EXCEPT BY LAPAROSCOPE W/O C.D.E. W MCC,"$135,919"
415 CHOLECYSTECTOMY EXCEPT BY LAPAROSCOPE W/O C.D.E. W CC,"$91,415"
416 CHOLECYSTECTOMY EXCEPT BY LAPAROSCOPE W/O C.D.E. W/O CC/MCC,"$63,731"
417 LAPAROSCOPIC CHOLECYSTECTOMY W/O C.D.E. W MCC,"$76,630"
418 LAPAROSCOPIC CHOLECYSTECTOMY W/O C.D.E. W CC,"$65,722"
419 LAPAROSCOPIC CHOLECYSTECTOMY W/O C.D.E. W/O CC/MCC,"$47,037"
420 HEPATOBILIARY DIAGNOSTIC PROCEDURES W MCC,"$81,849"
421 HEPATOBILIARY DIAGNOSTIC PROCEDURES W CC,"$71,373"
422 HEPATOBILIARY DIAGNOSTIC PROCEDURES W/O CC/MCC,"$50,996"
423 OTHER HEPATOBILIARY OR PANCREAS O.R. PROCEDURES W MCC,"$227,301"
424 OTHER HEPATOBILIARY OR PANCREAS O.R. PROCEDURES W CC,"$44,413"
432 CIRRHOSIS & ALCOHOLIC HEPATITIS W MCC,"$80,443"
433 CIRRHOSIS & ALCOHOLIC HEPATITIS W CC,"$35,869"
434 CIRRHOSIS & ALCOHOLIC HEPATITIS W/O CC/MCC,"$15,123"
435 MALIGNANCY OF HEPATOBILIARY SYSTEM OR PANCREAS W MCC,"$56,833"
436 MALIGNANCY OF HEPATOBILIARY SYSTEM OR PANCREAS W CC,"$38,394"
437 MALIGNANCY OF HEPATOBILIARY SYSTEM OR PANCREAS W/O CC/MCC,"$7,011"
438 DISORDERS OF PANCREAS EXCEPT MALIGNANCY W MCC,"$62,885"
439 DISORDERS OF PANCREAS EXCEPT MALIGNANCY W CC,"$29,762"
440 DISORDERS OF PANCREAS EXCEPT MALIGNANCY W/O CC/MCC,"$16,683"
"441 DISORDERS OF LIVER EXCEPT MALIG,CIRR,ALC HEPA W MCC","$62,584"
"442 DISORDERS OF LIVER EXCEPT MALIG,CIRR,ALC HEPA W CC","$37,164"
"443 DISORDERS OF LIVER EXCEPT MALIG,CIRR,ALC HEPA W/O CC/MCC","$27,105"
444 DISORDERS OF THE BILIARY TRACT W MCC,"$70,903"
445 DISORDERS OF THE BILIARY TRACT W CC,"$41,788"
446 DISORDERS OF THE BILIARY TRACT W/O CC/MCC,"$28,874"
453 COMBINED ANTERIOR/POSTERIOR SPINAL FUSION W MCC,"$344,076"
454 COMBINED ANTERIOR/POSTERIOR SPINAL FUSION W CC,"$206,999"
455 COMBINED ANTERIOR/POSTERIOR SPINAL FUSION W/O CC/MCC,"$155,747"
456 SPINAL FUS EXC CERV W SPINAL CURV/MALIG/INFEC OR EXT FUS W MCC,"$256,197"
457 SPINAL FUS EXC CERV W SPINAL CURV/MALIG/INFEC OR EXT FUS W CC,"$184,688"
458 SPINAL FUS EXC CERV W SPINAL CURV/MALIG/INFEC OR EXT FUS W/O CC/MCC,"$143,242"
459 SPINAL FUSION EXCEPT CERVICAL W MCC,"$182,722"
460 SPINAL FUSION EXCEPT CERVICAL W/O MCC,"$129,914"
462 BILATERAL OR MULTIPLE MAJOR JOINT PROCS OF LOWER EXTREMITY W/O MCC,"$127,491"
"463 WND DEBRID & SKN GRFT EXC HAND, FOR MUSCULO-CONN TISS DIS W MCC","$267,733"
"464 WND DEBRID & SKN GRFT EXC HAND, FOR MUSCULO-CONN TISS DIS W CC","$140,890"
"465 WND DEBRID & SKN GRFT EXC HAND, FOR MUSCULO-CONN TISS DIS W/O CC/MCC","$75,987"
466 REVISION OF HIP OR KNEE REPLACEMENT W MCC,"$194,668"
467 REVISION OF HIP OR KNEE REPLACEMENT W CC,"$128,005"
468 REVISION OF HIP OR KNEE REPLACEMENT W/O CC/MCC,"$109,514"
469 MAJOR HIP AND KNEE JOINT REPLACEMENT OR REATTACHMENT OF LOWER EXTREMITY W MCC OR TOTAL ANKLE REPLACE,"$117,443"
470 MAJOR HIP AND KNEE JOINT REPLACEMENT OR REATTACHMENT OF LOWER EXTREMITY W/O MCC,"$76,497"
471 CERVICAL SPINAL FUSION W MCC,"$122,730"
472 CERVICAL SPINAL FUSION W CC,"$105,948"
473 CERVICAL SPINAL FUSION W/O CC/MCC,"$83,930"
474 AMPUTATION FOR MUSCULOSKELETAL SYS & CONN TISSUE DIS W MCC,"$139,561"
475 AMPUTATION FOR MUSCULOSKELETAL SYS & CONN TISSUE DIS W CC,"$83,751"
476 AMPUTATION FOR MUSCULOSKELETAL SYS & CONN TISSUE DIS W/O CC/MCC,"$56,090"
477 BIOPSIES OF MUSCULOSKELETAL SYSTEM & CONNECTIVE TISSUE W MCC,"$136,403"
478 BIOPSIES OF MUSCULOSKELETAL SYSTEM & CONNECTIVE TISSUE W CC,"$109,025"
479 BIOPSIES OF MUSCULOSKELETAL SYSTEM & CONNECTIVE TISSUE W/O CC/MCC,"$68,122"
480 HIP & FEMUR PROCEDURES EXCEPT MAJOR JOINT W MCC,"$131,160"
481 HIP & FEMUR PROCEDURES EXCEPT MAJOR JOINT W CC,"$102,090"
482 HIP & FEMUR PROCEDURES EXCEPT MAJOR JOINT W/O CC/MCC,"$72,933"
483 MAJOR JOINT/LIMB REATTACHMENT PROCEDURE OF UPPER EXTREMITIES,"$84,614"
485 KNEE PROCEDURES W PDX OF INFECTION W MCC,"$321,909"
486 KNEE PROCEDURES W PDX OF INFECTION W CC,"$109,111"
487 KNEE PROCEDURES W PDX OF INFECTION W/O CC/MCC,"$40,678"
488 KNEE PROCEDURES W/O PDX OF INFECTION W CC/MCC,"$103,162"
489 KNEE PROCEDURES W/O PDX OF INFECTION W/O CC/MCC,"$57,864"
"492 LOWER EXTREM & HUMER PROC EXCEPT HIP,FOOT,FEMUR W MCC","$160,313"
"493 LOWER EXTREM & HUMER PROC EXCEPT HIP,FOOT,FEMUR W CC","$109,390"
"494 LOWER EXTREM & HUMER PROC EXCEPT HIP,FOOT,FEMUR W/O CC/MCC","$73,696"
495 LOCAL EXCISION & REMOVAL INT FIX DEVICES EXC HIP & FEMUR W MCC,"$128,452"
496 LOCAL EXCISION & REMOVAL INT FIX DEVICES EXC HIP & FEMUR W CC,"$81,014"
497 LOCAL EXCISION & REMOVAL INT FIX DEVICES EXC HIP & FEMUR W/O CC/MCC,"$51,538"
498 LOCAL EXCISION & REMOVAL INT FIX DEVICES OF HIP & FEMUR W CC/MCC,"$79,862"
499 LOCAL EXCISION & REMOVAL INT FIX DEVICES OF HIP & FEMUR W/O CC/MCC,"$45,715"
500 SOFT TISSUE PROCEDURES W MCC,"$130,515"
501 SOFT TISSUE PROCEDURES W CC,"$69,853"
502 SOFT TISSUE PROCEDURES W/O CC/MCC,"$55,289"
503 FOOT PROCEDURES W MCC,"$98,020"
504 FOOT PROCEDURES W CC,"$64,379"
505 FOOT PROCEDURES W/O CC/MCC,"$56,164"
506 MAJOR THUMB OR JOINT PROCEDURES,"$43,413"
507 MAJOR SHOULDER OR ELBOW JOINT PROCEDURES W CC/MCC,"$63,693"
508 MAJOR SHOULDER OR ELBOW JOINT PROCEDURES W/O CC/MCC,"$71,021"
"510 SHOULDER,ELBOW OR FOREARM PROC,EXC MAJOR JOINT PROC W MCC","$79,775"
"511 SHOULDER,ELBOW OR FOREARM PROC,EXC MAJOR JOINT PROC W CC","$72,269"
"512 SHOULDER,ELBOW OR FOREARM PROC,EXC MAJOR JOINT PROC W/O CC/MCC","$72,548"
"513 HAND OR WRIST PROC, EXCEPT MAJOR THUMB OR JOINT PROC W CC/MCC","$56,744"
"514 HAND OR WRIST PROC, EXCEPT MAJOR THUMB OR JOINT PROC W/O CC/MCC","$42,995"
515 OTHER MUSCULOSKELET SYS & CONN TISS O.R. PROC W MCC,"$156,746"
516 OTHER MUSCULOSKELET SYS & CONN TISS O.R. PROC W CC,"$83,480"
517 OTHER MUSCULOSKELET SYS & CONN TISS O.R. PROC W/O CC/MCC,"$64,802"
518 BACK & NECK PROC EXC SPINAL FUSION W MCC OR DISC DEVICE/NEUROSTIM,"$91,617"
519 BACK & NECK PROC EXC SPINAL FUSION W CC,"$68,030"
520 BACK & NECK PROC EXC SPINAL FUSION W/O CC/MCC,"$49,972"
534 FRACTURES OF FEMUR W/O MCC,"$18,639"
535 FRACTURES OF HIP & PELVIS W MCC,"$61,047"
536 FRACTURES OF HIP & PELVIS W/O MCC,"$26,415"
"537 SPRAINS, STRAINS, & DISLOCATIONS OF HIP, PELVIS & THIGH W CC/MCC","$13,436"
"538 SPRAINS, STRAINS, & DISLOCATIONS OF HIP, PELVIS & THIGH W/O CC/MCC","$20,243"
539 OSTEOMYELITIS W MCC,"$51,555"
540 OSTEOMYELITIS W CC,"$40,845"
541 OSTEOMYELITIS W/O CC/MCC,"$26,076"
542 PATHOLOGICAL FRACTURES & MUSCULOSKELET & CONN TISS MALIG W MCC,"$55,101"
543 PATHOLOGICAL FRACTURES & MUSCULOSKELET & CONN TISS MALIG W CC,"$38,763"
544 PATHOLOGICAL FRACTURES & MUSCULOSKELET & CONN TISS MALIG W/O CC/MCC,"$33,987"
545 CONNECTIVE TISSUE DISORDERS W MCC,"$108,615"
546 CONNECTIVE TISSUE DISORDERS W CC,"$49,265"
547 CONNECTIVE TISSUE DISORDERS W/O CC/MCC,"$39,166"
548 SEPTIC ARTHRITIS W MCC,"$84,587"
549 SEPTIC ARTHRITIS W CC,"$48,541"
550 SEPTIC ARTHRITIS W/O CC/MCC,"$38,171"
551 MEDICAL BACK PROBLEMS W MCC,"$38,098"
552 MEDICAL BACK PROBLEMS W/O MCC,"$23,221"
553 BONE DISEASES & ARTHROPATHIES W MCC,"$29,765"
554 BONE DISEASES & ARTHROPATHIES W/O MCC,"$21,641"
555 SIGNS & SYMPTOMS OF MUSCULOSKELETAL SYSTEM & CONN TISSUE W MCC,"$84,614"
556 SIGNS & SYMPTOMS OF MUSCULOSKELETAL SYSTEM & CONN TISSUE W/O MCC,"$18,602"
"557 TENDONITIS, MYOSITIS & BURSITIS W MCC","$25,430"
"558 TENDONITIS, MYOSITIS & BURSITIS W/O MCC","$19,271"
"559 AFTERCARE, MUSCULOSKELETAL SYSTEM & CONNECTIVE TISSUE W MCC","$33,465"
"560 AFTERCARE, MUSCULOSKELETAL SYSTEM & CONNECTIVE TISSUE W CC","$33,367"
"561 AFTERCARE, MUSCULOSKELETAL SYSTEM & CONNECTIVE TISSUE W/O CC/MCC","$21,599"
"562 FX, SPRN, STRN & DISL EXCEPT FEMUR, HIP, PELVIS & THIGH W MCC","$36,942"
"563 FX, SPRN, STRN & DISL EXCEPT FEMUR, HIP, PELVIS & THIGH W/O MCC","$19,030"
564 OTHER MUSCULOSKELETAL SYS & CONNECTIVE TISSUE DIAGNOSES W MCC,"$56,105"
565 OTHER MUSCULOSKELETAL SYS & CONNECTIVE TISSUE DIAGNOSES W CC,"$27,902"
566 OTHER MUSCULOSKELETAL SYS & CONNECTIVE TISSUE DIAGNOSES W/O CC/MCC,"$31,507"
570 SKIN DEBRIDEMENT W MCC,"$86,818"
571 SKIN DEBRIDEMENT W CC,"$73,225"
572 SKIN DEBRIDEMENT W/O CC/MCC,"$38,690"
573 SKIN GRAFT FOR SKIN ULCER OR CELLULITIS W MCC,"$231,623"
574 SKIN GRAFT FOR SKIN ULCER OR CELLULITIS W CC,"$77,925"
575 SKIN GRAFT FOR SKIN ULCER OR CELLULITIS W/O CC/MCC,"$33,571"
576 SKIN GRAFT EXC FOR SKIN ULCER OR CELLULITIS W MCC,"$144,232"
577 SKIN GRAFT EXC FOR SKIN ULCER OR CELLULITIS W CC,"$120,736"
578 SKIN GRAFT EXC FOR SKIN ULCER OR CELLULITIS W/O CC/MCC,"$64,313"
"579 OTHER SKIN, SUBCUT TISS & BREAST PROC W MCC","$85,439"
"580 OTHER SKIN, SUBCUT TISS & BREAST PROC W CC","$61,914"
"581 OTHER SKIN, SUBCUT TISS & BREAST PROC W/O CC/MCC","$35,461"
582 MASTECTOMY FOR MALIGNANCY W CC/MCC,"$104,901"
583 MASTECTOMY FOR MALIGNANCY W/O CC/MCC,"$66,344"
"584 BREAST BIOPSY, LOCAL EXCISION & OTHER BREAST PROCEDURES W CC/MCC","$99,805"
"585 BREAST BIOPSY, LOCAL EXCISION & OTHER BREAST PROCEDURES W/O CC/MCC","$84,457"
592 SKIN ULCERS W MCC,"$87,351"
593 SKIN ULCERS W CC,"$42,100"
595 MAJOR SKIN DISORDERS W MCC,"$141,359"
596 MAJOR SKIN DISORDERS W/O MCC,"$29,462"
597 MALIGNANT BREAST DISORDERS W MCC,"$53,190"
598 MALIGNANT BREAST DISORDERS W CC,"$24,671"
600 NON-MALIGNANT BREAST DISORDERS W CC/MCC,"$20,885"
601 NON-MALIGNANT BREAST DISORDERS W/O CC/MCC,"$15,350"
602 CELLULITIS W MCC,"$38,853"
603 CELLULITIS W/O MCC,"$18,910"
"604 TRAUMA TO THE SKIN, SUBCUT TISS & BREAST W MCC","$38,014"
"605 TRAUMA TO THE SKIN, SUBCUT TISS & BREAST W/O MCC","$20,863"
606 MINOR SKIN DISORDERS W MCC,"$44,473"
607 MINOR SKIN DISORDERS W/O MCC,"$16,634"
614 ADRENAL & PITUITARY PROCEDURES W CC/MCC,"$94,626"
615 ADRENAL & PITUITARY PROCEDURES W/O CC/MCC,"$76,199"
"616 AMPUTAT OF LOWER LIMB FOR ENDOCRINE,NUTRIT,& METABOL DIS W MCC","$130,534"
"617 AMPUTAT OF LOWER LIMB FOR ENDOCRINE,NUTRIT,& METABOL DIS W CC","$70,511"
619 O.R. PROCEDURES FOR OBESITY W MCC,"$99,989"
620 O.R. PROCEDURES FOR OBESITY W CC,"$54,798"
621 O.R. PROCEDURES FOR OBESITY W/O CC/MCC,"$48,482"
"622 SKIN GRAFTS & WOUND DEBRID FOR ENDOC, NUTRIT & METAB DIS W MCC","$106,684"
"623 SKIN GRAFTS & WOUND DEBRID FOR ENDOC, NUTRIT & METAB DIS W CC","$52,793"
"624 SKIN GRAFTS & WOUND DEBRID FOR ENDOC, NUTRIT & METAB DIS W/O CC/MCC","$40,460"
"625 THYROID, PARATHYROID & THYROGLOSSAL PROCEDURES W MCC","$166,441"
"626 THYROID, PARATHYROID & THYROGLOSSAL PROCEDURES W CC","$66,610"
"627 THYROID, PARATHYROID & THYROGLOSSAL PROCEDURES W/O CC/MCC","$44,473"
"628 OTHER ENDOCRINE, NUTRIT & METAB O.R. PROC W MCC","$148,004"
"629 OTHER ENDOCRINE, NUTRIT & METAB O.R. PROC W CC","$103,202"
"630 OTHER ENDOCRINE, NUTRIT & METAB O.R. PROC W/O CC/MCC","$69,263"
637 DIABETES W MCC,"$37,236"
638 DIABETES W CC,"$24,162"
639 DIABETES W/O CC/MCC,"$15,732"
"640 MISC DISORDERS OF NUTRITION,METABOLISM,FLUIDS/ELECTROLYTES W MCC","$36,095"
"641 MISC DISORDERS OF NUTRITION,METABOLISM,FLUIDS/ELECTROLYTES W/O MCC","$20,058"
642 INBORN AND OTHER DISORDERS OF METABOLISM,"$37,244"
643 ENDOCRINE DISORDERS W MCC,"$49,550"
644 ENDOCRINE DISORDERS W CC,"$25,266"
645 ENDOCRINE DISORDERS W/O CC/MCC,"$12,268"
652 KIDNEY TRANSPLANT,"$174,119"
653 MAJOR BLADDER PROCEDURES W MCC,"$219,601"
654 MAJOR BLADDER PROCEDURES W CC,"$128,402"
655 MAJOR BLADDER PROCEDURES W/O CC/MCC,"$87,566"
656 KIDNEY & URETER PROCEDURES FOR NEOPLASM W MCC,"$142,248"
657 KIDNEY & URETER PROCEDURES FOR NEOPLASM W CC,"$88,567"
658 KIDNEY & URETER PROCEDURES FOR NEOPLASM W/O CC/MCC,"$73,017"
659 KIDNEY & URETER PROCEDURES FOR NON-NEOPLASM W MCC,"$153,012"
660 KIDNEY & URETER PROCEDURES FOR NON-NEOPLASM W CC,"$62,971"
661 KIDNEY & URETER PROCEDURES FOR NON-NEOPLASM W/O CC/MCC,"$47,997"
662 MINOR BLADDER PROCEDURES W MCC,"$64,064"
663 MINOR BLADDER PROCEDURES W CC,"$57,049"
664 MINOR BLADDER PROCEDURES W/O CC/MCC,"$48,968"
666 PROSTATECTOMY W CC,"$85,469"
667 PROSTATECTOMY W/O CC/MCC,"$30,373"
668 TRANSURETHRAL PROCEDURES W MCC,"$131,902"
669 TRANSURETHRAL PROCEDURES W CC,"$44,263"
670 TRANSURETHRAL PROCEDURES W/O CC/MCC,"$36,117"
671 URETHRAL PROCEDURES W CC/MCC,"$44,605"
672 URETHRAL PROCEDURES W/O CC/MCC,"$58,370"
673 OTHER KIDNEY & URINARY TRACT PROCEDURES W MCC,"$117,865"
674 OTHER KIDNEY & URINARY TRACT PROCEDURES W CC,"$67,579"
675 OTHER KIDNEY & URINARY TRACT PROCEDURES W/O CC/MCC,"$111,117"
682 RENAL FAILURE W MCC,"$47,179"
683 RENAL FAILURE W CC,"$25,309"
684 RENAL FAILURE W/O CC/MCC,"$16,902"
686 KIDNEY & URINARY TRACT NEOPLASMS W MCC,"$47,640"
687 KIDNEY & URINARY TRACT NEOPLASMS W CC,"$30,923"
688 KIDNEY & URINARY TRACT NEOPLASMS W/O CC/MCC,"$28,573"
689 KIDNEY & URINARY TRACT INFECTIONS W MCC,"$35,409"
690 KIDNEY & URINARY TRACT INFECTIONS W/O MCC,"$19,616"
693 URINARY STONES W/O ESW LITHOTRIPSY W MCC,"$39,857"
694 URINARY STONES W/O ESW LITHOTRIPSY W/O MCC,"$28,831"
695 KIDNEY & URINARY TRACT SIGNS & SYMPTOMS W MCC,"$9,427"
696 KIDNEY & URINARY TRACT SIGNS & SYMPTOMS W/O MCC,"$19,429"
697 URETHRAL STRICTURE,"$17,138"
698 OTHER KIDNEY & URINARY TRACT DIAGNOSES W MCC,"$61,713"
699 OTHER KIDNEY & URINARY TRACT DIAGNOSES W CC,"$35,019"
700 OTHER KIDNEY & URINARY TRACT DIAGNOSES W/O CC/MCC,"$31,644"
707 MAJOR MALE PELVIC PROCEDURES W CC/MCC,"$125,150"
708 MAJOR MALE PELVIC PROCEDURES W/O CC/MCC,"$85,633"
709 PENIS PROCEDURES W CC/MCC,"$66,669"
710 PENIS PROCEDURES W/O CC/MCC,"$41,353"
711 TESTES PROCEDURES W CC/MCC,"$85,786"
712 TESTES PROCEDURES W/O CC/MCC,"$27,891"
713 TRANSURETHRAL PROSTATECTOMY W CC/MCC,"$36,092"
714 TRANSURETHRAL PROSTATECTOMY W/O CC/MCC,"$30,280"
715 OTHER MALE REPRODUCTIVE SYSTEM O.R. PROC FOR MALIGNANCY W CC/MCC,"$41,813"
716 OTHER MALE REPRODUCTIVE SYSTEM O.R. PROC FOR MALIGNANCY W/O CC/MCC,"$44,984"
717 OTHER MALE REPRODUCTIVE SYSTEM O.R. PROC EXC MALIGNANCY W CC/MCC,"$31,950"
718 OTHER MALE REPRODUCTIVE SYSTEM O.R. PROC EXC MALIGNANCY W/O CC/MCC,"$30,661"
"722 MALIGNANCY, MALE REPRODUCTIVE SYSTEM W MCC","$60,697"
"723 MALIGNANCY, MALE REPRODUCTIVE SYSTEM W CC","$26,627"
"724 MALIGNANCY, MALE REPRODUCTIVE SYSTEM W/O CC/MCC","$25,101"
725 BENIGN PROSTATIC HYPERTROPHY W MCC,"$33,883"
726 BENIGN PROSTATIC HYPERTROPHY W/O MCC,"$13,463"
727 INFLAMMATION OF THE MALE REPRODUCTIVE SYSTEM W MCC,"$31,947"
728 INFLAMMATION OF THE MALE REPRODUCTIVE SYSTEM W/O MCC,"$17,641"
729 OTHER MALE REPRODUCTIVE SYSTEM DIAGNOSES W CC/MCC,"$51,971"
730 OTHER MALE REPRODUCTIVE SYSTEM DIAGNOSES W/O CC/MCC,"$14,374"
"734 PELVIC EVISCERATION, RAD HYSTERECTOMY & RAD VULVECTOMY W CC/MCC","$107,892"
"735 PELVIC EVISCERATION, RAD HYSTERECTOMY & RAD VULVECTOMY W/O CC/MCC","$78,950"
736 UTERINE & ADNEXA PROC FOR OVARIAN OR ADNEXAL MALIGNANCY W MCC,"$193,617"
737 UTERINE & ADNEXA PROC FOR OVARIAN OR ADNEXAL MALIGNANCY W CC,"$92,740"
738 UTERINE & ADNEXA PROC FOR OVARIAN OR ADNEXAL MALIGNANCY W/O CC/MCC,"$63,914"
"739 UTERINE,ADNEXA PROC FOR NON-OVARIAN/ADNEXAL MALIG W MCC","$153,754"
"740 UTERINE,ADNEXA PROC FOR NON-OVARIAN/ADNEXAL MALIG W CC","$84,126"
"741 UTERINE,ADNEXA PROC FOR NON-OVARIAN/ADNEXAL MALIG W/O CC/MCC","$69,891"
742 UTERINE & ADNEXA PROC FOR NON-MALIGNANCY W CC/MCC,"$72,494"
743 UTERINE & ADNEXA PROC FOR NON-MALIGNANCY W/O CC/MCC,"$58,262"
"744 D&C, CONIZATION, LAPAROSCOPY & TUBAL INTERRUPTION W CC/MCC","$53,150"
"745 D&C, CONIZATION, LAPAROSCOPY & TUBAL INTERRUPTION W/O CC/MCC","$25,395"
"746 VAGINA, CERVIX & VULVA PROCEDURES W CC/MCC","$38,299"
"747 VAGINA, CERVIX & VULVA PROCEDURES W/O CC/MCC","$37,921"
748 FEMALE REPRODUCTIVE SYSTEM RECONSTRUCTIVE PROCEDURES,"$51,542"
749 OTHER FEMALE REPRODUCTIVE SYSTEM O.R. PROCEDURES W CC/MCC,"$83,695"
750 OTHER FEMALE REPRODUCTIVE SYSTEM O.R. PROCEDURES W/O CC/MCC,"$85,926"
"754 MALIGNANCY, FEMALE REPRODUCTIVE SYSTEM W MCC","$57,135"
"755 MALIGNANCY, FEMALE REPRODUCTIVE SYSTEM W CC","$27,802"
"756 MALIGNANCY, FEMALE REPRODUCTIVE SYSTEM W/O CC/MCC","$14,194"
"757 INFECTIONS, FEMALE REPRODUCTIVE SYSTEM W MCC","$36,334"
"758 INFECTIONS, FEMALE REPRODUCTIVE SYSTEM W CC","$25,629"
"759 INFECTIONS, FEMALE REPRODUCTIVE SYSTEM W/O CC/MCC","$19,307"
760 MENSTRUAL & OTHER FEMALE REPRODUCTIVE SYSTEM DISORDERS W CC/MCC,"$15,857"
761 MENSTRUAL & OTHER FEMALE REPRODUCTIVE SYSTEM DISORDERS W/O CC/MCC,"$14,408"
765 CESAREAN SECTION W CC/MCC,"$35,947"
766 CESAREAN SECTION W/O CC/MCC,"$24,034"
767 VAGINAL DELIVERY W STERILIZATION &/OR D&C,"$30,975"
768 VAGINAL DELIVERY W O.R. PROC EXCEPT STERIL &/OR D&C,"$26,992"
769 POSTPARTUM & POST ABORTION DIAGNOSES W O.R. PROCEDURE,"$85,895"
"770 ABORTION W D&C, ASPIRATION CURETTAGE OR HYSTEROTOMY","$30,458"
774 VAGINAL DELIVERY W COMPLICATING DIAGNOSES,"$25,470"
775 VAGINAL DELIVERY W/O COMPLICATING DIAGNOSES,"$19,156"
776 POSTPARTUM & POST ABORTION DIAGNOSES W/O O.R. PROCEDURE,"$18,558"
777 ECTOPIC PREGNANCY,"$57,006"
778 THREATENED ABORTION,"$10,371"
779 ABORTION W/O D&C,"$16,526"
780 FALSE LABOR,"$18,364"
781 OTHER ANTEPARTUM DIAGNOSES W MEDICAL COMPLICATIONS,"$17,285"
782 OTHER ANTEPARTUM DIAGNOSES W/O MEDICAL COMPLICATIONS,"$9,813"
783 CESAREAN SECTION W STERILIZATION W MCC,"$69,011"
784 CESAREAN SECTION W STERILIZATION W CC,"$31,137"
785 CESAREAN SECTION W STERILIZATION W/O CC/MCC,"$26,689"
786 CESAREAN SECTION W/O STERILIZATION W MCC,"$44,958"
787 CESAREAN SECTION W/O STERILIZATION W CC,"$30,071"
788 CESAREAN SECTION W/O STERILIZATION W/O CC/MCC,"$26,000"
"789 NEONATES, DIED OR TRANSFERRED TO ANOTHER ACUTE CARE FACILITY","$103,903"
"790 EXTREME IMMATURITY OR RESPIRATORY DISTRESS SYNDROME, NEONATE","$305,485"
791 PREMATURITY W MAJOR PROBLEMS,"$125,815"
792 PREMATURITY W/O MAJOR PROBLEMS,"$19,066"
793 FULL TERM NEONATE W MAJOR PROBLEMS,"$67,406"
794 NEONATE W OTHER SIGNIFICANT PROBLEMS,"$7,338"
795 NORMAL NEWBORN,"$4,744"
797 VAGINAL DELIVERY W STERILIZATION/D&C W CC,"$39,611"
798 VAGINAL DELIVERY W STERILIZATION/D&C WO CC/MCC,"$21,780"
799 SPLENECTOMY W MCC,"$143,556"
800 SPLENECTOMY W CC,"$71,205"
801 SPLENECTOMY W/O CC/MCC,"$51,654"
802 OTHER O.R. PROC OF THE BLOOD & BLOOD FORMING ORGANS W MCC,"$254,085"
803 OTHER O.R. PROC OF THE BLOOD & BLOOD FORMING ORGANS W CC,"$91,485"
804 OTHER O.R. PROC OF THE BLOOD & BLOOD FORMING ORGANS W/O CC/MCC,"$45,478"
805 VAGINAL DELIVERY W/O STERILIZATION/D&C W MCC,"$39,605"
806 VAGINAL DELIVERY W/O STERILIZATION/D&C W CC,"$21,226"
807 VAGINAL DELIVERY W/O STERILIZATION/D&C W/O CC/MCC,"$18,152"
808 MAJOR HEMATOL/IMMUN DIAG EXC SICKLE CELL CRISIS & COAGUL W MCC,"$82,938"
809 MAJOR HEMATOL/IMMUN DIAG EXC SICKLE CELL CRISIS & COAGUL W CC,"$40,650"
810 MAJOR HEMATOL/IMMUN DIAG EXC SICKLE CELL CRISIS & COAGUL W/O CC/MCC,"$25,148"
811 RED BLOOD CELL DISORDERS W MCC,"$50,089"
812 RED BLOOD CELL DISORDERS W/O MCC,"$21,628"
813 COAGULATION DISORDERS,"$50,185"
814 RETICULOENDOTHELIAL & IMMUNITY DISORDERS W MCC,"$30,727"
815 RETICULOENDOTHELIAL & IMMUNITY DISORDERS W CC,"$22,686"
816 RETICULOENDOTHELIAL & IMMUNITY DISORDERS W/O CC/MCC,"$19,296"
817 OTHER ANTEPARTUM DIAGNOSES W O.R. PROCEDURE W MCC,"$55,048"
818 OTHER ANTEPARTUM DIAGNOSES W O.R. PROCEDURE W CC,"$51,364"
819 OTHER ANTEPARTUM DIAGNOSES W O.R. PROCEDURE W/O CC/MCC,"$23,096"
820 LYMPHOMA & LEUKEMIA W MAJOR O.R. PROCEDURE W MCC,"$252,108"
821 LYMPHOMA & LEUKEMIA W MAJOR O.R. PROCEDURE W CC,"$89,852"
822 LYMPHOMA & LEUKEMIA W MAJOR O.R. PROCEDURE W/O CC/MCC,"$57,544"
823 LYMPHOMA & NON-ACUTE LEUKEMIA W OTHER PROC W MCC,"$180,035"
824 LYMPHOMA & NON-ACUTE LEUKEMIA W OTHER PROC W CC,"$96,569"
825 LYMPHOMA & NON-ACUTE LEUKEMIA W OTHER PROC W/O CC/MCC,"$68,497"
826 MYELOPROLIF DISORD OR POORLY DIFF NEOPL W MAJ O.R. PROC W MCC,"$115,609"
827 MYELOPROLIF DISORD OR POORLY DIFF NEOPL W MAJ O.R. PROC W CC,"$102,278"
828 MYELOPROLIF DISORD OR POORLY DIFF NEOPL W MAJ O.R. PROC W/O CC/MCC,"$84,031"
829 MYELOPROLIFERATIVE DISORDERS OR POORLY DIFFERENTIATED NEOPLASMS W OTHER PROCEDURE W CC/MCC,"$129,516"
830 MYELOPROLIFERATIVE DISORDERS OR POORLY DIFFERENTIATED NEOPLASMS W OTHER PROCEDURE W/O CC/MCC,"$67,407"
831 OTHER ANTEPARTUM DIAGNOSES W/O O.R. PROCEDURE W MCC,"$28,104"
832 OTHER ANTEPARTUM DIAGNOSES W/O O.R. PROCEDURE W CC,"$17,040"
833 OTHER ANTEPARTUM DIAGNOSES W/O O.R. PROCEDURE W/O CC/MCC,"$13,134"
834 ACUTE LEUKEMIA W/O MAJOR O.R. PROCEDURE W MCC,"$250,479"
835 ACUTE LEUKEMIA W/O MAJOR O.R. PROCEDURE W CC,"$116,605"
836 ACUTE LEUKEMIA W/O MAJOR O.R. PROCEDURE W/O CC/MCC,"$133,953"
837 CHEMO W ACUTE LEUKEMIA AS SDX OR W HIGH DOSE CHEMO AGENT W MCC,"$142,350"
838 CHEMO W ACUTE LEUKEMIA AS SDX W CC OR HIGH DOSE CHEMO AGENT,"$51,965"
839 CHEMO W ACUTE LEUKEMIA AS SDX W/O CC/MCC,"$32,159"
840 LYMPHOMA & NON-ACUTE LEUKEMIA W MCC,"$165,976"
841 LYMPHOMA & NON-ACUTE LEUKEMIA W CC,"$57,170"
842 LYMPHOMA & NON-ACUTE LEUKEMIA W/O CC/MCC,"$38,486"
843 OTHER MYELOPROLIF DIS OR POORLY DIFF NEOPL DIAG W MCC,"$64,076"
844 OTHER MYELOPROLIF DIS OR POORLY DIFF NEOPL DIAG W CC,"$39,592"
845 OTHER MYELOPROLIF DIS OR POORLY DIFF NEOPL DIAG W/O CC/MCC,"$16,877"
846 CHEMOTHERAPY W/O ACUTE LEUKEMIA AS SECONDARY DIAGNOSIS W MCC,"$58,574"
847 CHEMOTHERAPY W/O ACUTE LEUKEMIA AS SECONDARY DIAGNOSIS W CC,"$45,101"
848 CHEMOTHERAPY W/O ACUTE LEUKEMIA AS SECONDARY DIAGNOSIS W/O CC/MCC,"$24,638"
849 RADIOTHERAPY,"$5,955"
853 INFECTIOUS & PARASITIC DISEASES W O.R. PROCEDURE W MCC,"$192,705"
854 INFECTIOUS & PARASITIC DISEASES W O.R. PROCEDURE W CC,"$83,686"
855 INFECTIOUS & PARASITIC DISEASES W O.R. PROCEDURE W/O CC/MCC,"$28,210"
856 POSTOPERATIVE OR POST-TRAUMATIC INFECTIONS W O.R. PROC W MCC,"$166,781"
857 POSTOPERATIVE OR POST-TRAUMATIC INFECTIONS W O.R. PROC W CC,"$70,744"
858 POSTOPERATIVE OR POST-TRAUMATIC INFECTIONS W O.R. PROC W/O CC/MCC,"$63,253"
862 POSTOPERATIVE & POST-TRAUMATIC INFECTIONS W MCC,"$46,255"
863 POSTOPERATIVE & POST-TRAUMATIC INFECTIONS W/O MCC,"$23,376"
864 FEVER AND INFLAMMATORY CONDITIONS,"$19,219"
865 VIRAL ILLNESS W MCC,"$40,738"
866 VIRAL ILLNESS W/O MCC,"$16,936"
867 OTHER INFECTIOUS & PARASITIC DISEASES DIAGNOSES W MCC,"$70,110"
868 OTHER INFECTIOUS & PARASITIC DISEASES DIAGNOSES W CC,"$67,371"
869 OTHER INFECTIOUS & PARASITIC DISEASES DIAGNOSES W/O CC/MCC,"$17,222"
870 SEPTICEMIA OR SEVERE SEPSIS W MV >96 HOURS OR PERIPHERAL EXTRACORPOREAL MEMBRANE OXYGENATION (ECMO),"$181,100"
871 SEPTICEMIA OR SEVERE SEPSIS W/O MV >96 HOURS W MCC,"$67,444"
872 SEPTICEMIA OR SEVERE SEPSIS W/O MV >96 HOURS W/O MCC,"$33,506"
876 O.R. PROCEDURE W PRINCIPAL DIAGNOSES OF MENTAL ILLNESS,"$104,408"
880 ACUTE ADJUSTMENT REACTION & PSYCHOSOCIAL DYSFUNCTION,"$19,270"
881 DEPRESSIVE NEUROSES,"$39,551"
882 NEUROSES EXCEPT DEPRESSIVE,"$19,735"
883 DISORDERS OF PERSONALITY & IMPULSE CONTROL,"$49,511"
884 ORGANIC DISTURBANCES & INTELLECTUAL DISABILITY,"$57,208"
885 PSYCHOSES,"$61,214"
886 BEHAVIORAL & DEVELOPMENTAL DISORDERS,"$16,832"
887 OTHER MENTAL DISORDER DIAGNOSES,"$12,670"
"894 ALCOHOL/DRUG ABUSE OR DEPENDENCE, LEFT AMA","$18,726"
896 ALCOHOL/DRUG ABUSE OR DEPENDENCE W/O REHABILITATION THERAPY W MCC,"$39,480"
897 ALCOHOL/DRUG ABUSE OR DEPENDENCE W/O REHABILITATION THERAPY W/O MCC,"$21,986"
901 WOUND DEBRIDEMENTS FOR INJURIES W MCC,"$105,681"
902 WOUND DEBRIDEMENTS FOR INJURIES W CC,"$80,960"
903 WOUND DEBRIDEMENTS FOR INJURIES W/O CC/MCC,"$39,188"
904 SKIN GRAFTS FOR INJURIES W CC/MCC,"$128,493"
905 SKIN GRAFTS FOR INJURIES W/O CC/MCC,"$44,239"
906 HAND PROCEDURES FOR INJURIES,"$92,317"
907 OTHER O.R. PROCEDURES FOR INJURIES W MCC,"$162,609"
908 OTHER O.R. PROCEDURES FOR INJURIES W CC,"$74,687"
909 OTHER O.R. PROCEDURES FOR INJURIES W/O CC/MCC,"$35,846"
913 TRAUMATIC INJURY W MCC,"$47,163"
914 TRAUMATIC INJURY W/O MCC,"$13,425"
915 ALLERGIC REACTIONS W MCC,"$56,557"
916 ALLERGIC REACTIONS W/O MCC,"$12,329"
917 POISONING & TOXIC EFFECTS OF DRUGS W MCC,"$42,084"
918 POISONING & TOXIC EFFECTS OF DRUGS W/O MCC,"$25,164"
919 COMPLICATIONS OF TREATMENT W MCC,"$56,409"
920 COMPLICATIONS OF TREATMENT W CC,"$28,020"
921 COMPLICATIONS OF TREATMENT W/O CC/MCC,"$20,387"
"922 OTHER INJURY, POISONING & TOXIC EFFECT DIAG W MCC","$47,250"
"923 OTHER INJURY, POISONING & TOXIC EFFECT DIAG W/O MCC","$15,031"
927 EXTENSIVE BURNS OR FULL THICKNESS BURNS W MV >96 HRS W SKIN GRAFT,"$928,264"
928 FULL THICKNESS BURN W SKIN GRAFT OR INHAL INJ W CC/MCC,"$156,974"
929 FULL THICKNESS BURN W SKIN GRAFT OR INHAL INJ W/O CC/MCC,"$76,711"
933 EXTENSIVE BURNS OR FULL THICKNESS BURNS W MV >96 HRS W/O SKIN GRAFT,"$42,824"
934 FULL THICKNESS BURN W/O SKIN GRAFT OR INHAL INJ,"$32,269"
935 NON-EXTENSIVE BURNS,"$21,679"
939 O.R. PROC W DIAGNOSES OF OTHER CONTACT W HEALTH SERVICES W MCC,"$180,447"
940 O.R. PROC W DIAGNOSES OF OTHER CONTACT W HEALTH SERVICES W CC,"$54,646"
941 O.R. PROC W DIAGNOSES OF OTHER CONTACT W HEALTH SERVICES W/O CC/MCC,"$57,506"
947 SIGNS & SYMPTOMS W MCC,"$36,992"
948 SIGNS & SYMPTOMS W/O MCC,"$19,477"
949 AFTERCARE W CC/MCC,"$31,014"
950 AFTERCARE W/O CC/MCC,"$17,719"
951 OTHER FACTORS INFLUENCING HEALTH STATUS,"$21,104"
955 CRANIOTOMY FOR MULTIPLE SIGNIFICANT TRAUMA,"$270,048"
"956 LIMB REATTACHMENT, HIP & FEMUR PROC FOR MULTIPLE SIGNIFICANT TRAUMA","$285,278"
957 OTHER O.R. PROCEDURES FOR MULTIPLE SIGNIFICANT TRAUMA W MCC,"$263,624"
958 OTHER O.R. PROCEDURES FOR MULTIPLE SIGNIFICANT TRAUMA W CC,"$171,262"
959 OTHER O.R. PROCEDURES FOR MULTIPLE SIGNIFICANT TRAUMA W/O CC/MCC,"$53,477"
963 OTHER MULTIPLE SIGNIFICANT TRAUMA W MCC,"$72,459"
964 OTHER MULTIPLE SIGNIFICANT TRAUMA W CC,"$38,510"
965 OTHER MULTIPLE SIGNIFICANT TRAUMA W/O CC/MCC,"$16,547"
969 HIV W EXTENSIVE O.R. PROCEDURE W MCC,"$153,781"
970 HIV W EXTENSIVE O.R. PROCEDURE W/O MCC,"$38,141"
974 HIV W MAJOR RELATED CONDITION W MCC,"$110,687"
975 HIV W MAJOR RELATED CONDITION W CC,"$62,588"
976 HIV W MAJOR RELATED CONDITION W/O CC/MCC,"$36,363"
977 HIV W OR W/O OTHER RELATED CONDITION,"$63,661"
981 EXTENSIVE O.R. PROCEDURE UNRELATED TO PRINCIPAL DIAGNOSIS W MCC,"$240,474"
982 EXTENSIVE O.R. PROCEDURE UNRELATED TO PRINCIPAL DIAGNOSIS W CC,"$82,764"
983 EXTENSIVE O.R. PROCEDURE UNRELATED TO PRINCIPAL DIAGNOSIS W/O CC/MCC,"$54,691"
987 NON-EXTENSIVE O.R. PROC UNRELATED TO PRINCIPAL DIAGNOSIS W MCC,"$174,411"
988 NON-EXTENSIVE O.R. PROC UNRELATED TO PRINCIPAL DIAGNOSIS W CC,"$70,620"
989 NON-EXTENSIVE O.R. PROC UNRELATED TO PRINCIPAL DIAGNOSIS W/O CC/MCC,"$52,369"
998 PRINCIPAL DIAGNOSIS INVALID AS DISCHARGE DIAGNOSIS,"$34,652"
NO MSDRG NO MSDRG,"$3,888"
